Source \ Target,Collaboration,Event,Function,Grouping,Location,Path,Process,Role,Service,Assessment,Driver,Goal,Meaning,Outcome,Principle,Requirement,Stakeholder,Value,Capability,Course of Action,Resource,Value Stream,Business Actor,Business Interface,Business Object,Product,Application Component,Application Interface,Data Object,Artifact,Communication Network,Device,Distribution Network,Equipment,Facility,Material,Node,System Software,Technology Interface,Deliverable,Plateau,Work Package
Collaboration,CGOS,O,IO,CGIRVANOSFT,O,RO,IO,CGIO,O,O,O,O,O,O,O,O,O,O,O,O,O,O,O,CGO,O,O,O,CGO,O,O,O,O,O,O,O,O,O,O,CGO,O,O,O
Event,O,CGOS,OFT,CGIRVANOSFT,O,O,OFT,O,OFT,O,O,NO,O,O,O,RNO,O,O,O,O,O,O,O,O,AO,O,O,O,AO,AO,O,O,O,O,O,AO,O,O,O,AO,OT,OFT
Function,O,OFT,CGOSFT,CGIRVANOSFT,O,O,CGOFT,O,RO,O,O,NO,O,O,O,RNO,O,O,RO,RO,O,RO,O,O,AO,O,O,O,AO,AO,O,O,O,O,O,AO,O,O,O,AO,O,O
Grouping,CGIRVANOSFT,CGIRVANOSFT,CGIRVANOSFT,CGIRVANOSFT,CGIRVANOSFT,CGIRVANOSFT,CGIRVANOSFT,CGIRVANOSFT,CGIRVANOSFT,CGIRVANOSFT,CGIRVANOSFT,CGIRVANOSFT,CGIRVANOSFT,CGIRVANOSFT,CGIRVANOSFT,CGIRVANOSFT,CGIRVANOSFT,CGIRVANOSFT,CGIRVANOSFT,CGIRVANOSFT,CGIRVANOSFT,CGIRVANOSFT,CGIRVANOSFT,CGIRVANOSFT,CGIRVANOSFT,CGIRVANOSFT,CGIRVANOSFT,CGIRVANOSFT,CGIRVANOSFT,CGIRVANOSFT,CGIRVANOSFT,CGIRVANOSFT,CGIRVANOSFT,CGIRVANOSFT,CGIRVANOSFT,CGIRVANOSFT,CGIRVANOSFT,CGIRVANOSFT,CGIRVANOSFT,CGIRVANOSFT,CGIRVANOSFT,CGIRVANOSFT
Location,CGO,CGO,CGO,CGIRVANOSFT,CGOS,CGO,CGO,CGO,CGO,CGO,CGO,CGO,CGO,CGO,CGO,CGO,CGO,CGO,CGO,CGO,CGO,CGO,CGO,CGO,CGO,CGO,CGO,CGO,CGO,CGO,CGO,CGO,CGO,CGO,CGO,CGO,CGO,CGO,CGO,CGO,CGO,CGO
Path,O,O,O,CGIRVANOSFT,O,CGROS,O,O,O,O,O,NO,O,O,O,RNO,O,O,O,O,RO,O,O,O,O,O,O,O,O,O,O,O,O,O,O,O,O,O,O,O,O,O
Process,O,OFT,CGOFT,CGIRVANOSFT,O,O,CGOSFT,O,RO,O,O,NO,O,O,O,RNO,O,O,RO,RO,O,RO,O,O,AO,O,O,O,AO,AO,O,O,O,O,O,AO,O,O,O,AO,O,O
Role,O,IO,IO,CGIRVANOSFT,O,RO,IO,CGIOS,O,O,O,NO,O,O,O,RNO,O,O,O,O,O,O,O,CGO,O,O,O,CGO,O,O,O,O,O,O,O,O,O,O,CGO,O,O,O
Service,VO,O,VO,CGIRVANOSFT,O,VO,VO,VO,CGOSFT,O,O,NO,O,O,O,RNO,O,O,O,O,O,O,VO,VO,AO,O,VO,VO,AO,AO,VO,VO,VO,VO,VO,AO,VO,VO,VO,AO,O,O
Assessment,O,O,O,CGIRVANOSFT,O,O,O,O,O,CGNOS,NO,NO,NO,NO,NO,NO,NO,NO,O,O,O,O,O,O,O,O,O,O,O,O,O,O,O,O,O,O,O,O,O,O,O,O
Driver,O,O,O,CGIRVANOSFT,O,O,O,O,O,NO,CGNOS,NO,NO,NO,NO,NO,NO,NO,O,O,O,O,O,O,O,O,O,O,O,O,O,O,O,O,O,O,O,O,O,O,O,O
Goal,O,O,O,CGIRVANOSFT,O,O,O,O,O,NO,NO,CGNOS,NO,NO,NO,NO,NO,NO,O,O,O,O,O,O,O,O,O,O,O,O,O,O,O,O,O,O,O,O,O,O,O,O
Meaning,O,O,O,CGIRVANOSFT,O,O,O,O,O,NO,NO,NO,CGNOS,NO,NO,NO,NO,NO,O,O,O,O,O,O,O,O,O,O,O,O,O,O,O,O,O,O,O,O,O,O,O,O
Outcome,O,O,O,CGIRVANOSFT,O,O,O,O,O,NO,NO,RNO,NO,CGNOS,NO,NO,NO,NO,O,O,O,O,O,O,O,O,O,O,O,O,O,O,O,O,O,O,O,O,O,O,O,O
Principle,O,O,O,CGIRVANOSFT,O,O,O,O,O,NO,NO,NO,NO,RNO,CGNOS,NO,NO,NO,O,O,O,O,O,O,O,O,O,O,O,O,O,O,O,O,O,O,O,O,O,O,O,O
Requirement,O,O,O,CGIRVANOSFT,O,O,O,O,O,NO,NO,NO,NO,RNO,RNO,CGNOS,NO,NO,O,O,O,O,O,O,O,O,O,O,O,O,O,O,O,O,O,O,O,O,O,O,O,O
Stakeholder,O,O,O,CGIRVANOSFT,O,O,O,O,O,NO,NO,NO,NO,NO,NO,NO,CGNOS,NO,O,O,O,O,O,O,O,O,O,O,O,O,O,O,O,O,O,O,O,O,O,O,O,O
Value,O,O,O,CGIRVANOSFT,O,O,O,O,O,NO,NO,NO,NO,NO,NO,NO,NO,CGNOS,O,O,O,O,O,O,O,O,O,O,O,O,O,O,O,O,O,O,O,O,O,O,O,O
Capability,O,O,O,CGIRVANOSFT,O,O,O,O,O,O,O,O,O,O,O,RNO,O,O,CGVOSFT,RVOFT,O,VOFT,O,O,O,O,O,O,O,O,O,O,O,O,O,O,O,O,O,O,O,O
Course of Action,O,O,O,CGIRVANOSFT,O,O,O,O,O,O,O,O,O,RNO,O,RNO,O,O,VOFT,CGVOSFT,O,VOFT,O,O,O,O,O,O,O,O,O,O,O,O,O,O,O,O,O,O,O,O
Resource,O,O,O,CGIRVANOSFT,O,O,O,O,O,O,O,O,O,O,O,RNO,O,O,IO,IO,CGOS,IO,O,O,O,O,O,O,O,O,O,O,O,O,O,O,O,O,O,O,O,O
Value Stream,O,O,O,CGIRVANOSFT,O,O,O,O,O,O,O,O,O,O,O,RNO,O,O,VOFT,RVOFT,O,CGVOSFT,O,O,O,O,O,O,O,O,O,O,O,O,O,O,O,O,O,O,O,O
Business Actor,O,O,O,CGIRVANOSFT,O,RO,O,IO,O,O,O,O,O,O,O,RNO,O,O,O,O,RNO,O,CGOS,CGO,IO,O,O,O,O,O,O,O,O,O,O,O,O,O,O,O,O,O
Business Interface,O,O,O,CGIRVANOSFT,O,RO,O,O,IO,O,O,O,O,O,O,RNO,O,O,O,O,RNO,O,O,CGOS,O,O,O,O,O,O,O,O,O,O,O,O,O,O,O,O,O,O
Business Object,O,O,O,CGIRVANOSFT,O,O,O,O,O,O,O,O,O,O,O,RNO,O,O,O,O,RNO,O,O,O,CGOS,O,O,O,O,O,O,O,O,O,O,O,O,O,O,OS,O,O
Product,O,O,O,CGIRVANOSFT,O,O,O,O,CGO,O,O,O,O,O,O,RNO,O,O,O,O,RNO,O,O,O,O,CGOS,O,O,O,CGO,O,O,O,O,O,CGO,O,O,O,O,O,O
Application Component,O,O,IO,CGIRVANOSFT,O,RO,IO,IO,O,O,O,O,O,O,O,RNO,O,O,O,O,RNO,O,O,O,O,O,CGVOS,IVO,IAO,O,O,O,O,O,O,O,O,O,O,O,O,O
Application Interface,O,O,O,CGIRVANOSFT,O,RO,O,O,IO,O,O,O,O,O,O,RNO,O,O,O,O,RNO,O,O,RO,O,O,O,CGOS,O,O,O,O,O,O,O,O,O,O,O,O,O,O
Data Object,O,O,O,CGIRVANOSFT,O,O,O,O,O,O,O,O,O,O,O,RNO,O,O,O,O,RNO,O,O,O,RO,O,O,O,CGOS,O,O,O,O,O,O,O,O,O,O,OS,O,O
Artifact,O,O,O,CGIRVANOSFT,O,O,O,O,O,O,O,O,O,O,O,RNO,O,O,O,O,RO,O,O,O,OS,O,RO,O,ROS,CGOS,O,O,O,O,O,O,O,O,O,O,O,O
Communication Network,O,O,O,CGIRVANOSFT,O,RO,O,O,O,O,O,O,O,O,O,RNO,O,O,O,O,RO,O,O,O,O,O,O,O,O,O,CGOS,O,O,O,O,O,O,O,O,O,O,O
Device,O,O,O,CGIRVANOSFT,O,RO,O,IO,O,O,O,O,O,O,O,RNO,O,O,O,O,RO,O,O,O,O,O,VO,VO,O,IO,O,CGOS,O,O,O,O,O,IO,CGO,O,O,O
Distribution Network,O,O,O,CGIRVANOSFT,O,RO,O,O,O,O,O,O,O,O,O,RNO,O,O,O,O,RO,O,CGO,O,O,O,O,O,O,O,O,O,CGOS,O,O,O,O,O,O,O,O,O
Equipment,O,O,O,CGIRVANOSFT,O,RO,O,IO,O,O,O,O,O,O,O,RNO,O,O,O,O,RO,O,O,O,O,O,VO,VO,O,IO,O,CGO,O,CGOS,O,O,O,O,CGO,O,O,O
Facility,O,O,O,CGIRVANOSFT,O,RO,O,IO,O,O,O,O,O,O,O,RNO,O,O,O,O,RO,O,IO,O,O,O,VO,VO,O,IO,O,O,O,O,CGOS,O,CGIO,O,CGO,O,O,O
Material,O,O,O,CGIRVANOSFT,O,O,O,O,O,O,O,O,O,O,O,O,O,O,O,O,O,O,O,O,ROS,O,O,O,OS,O,O,O,O,O,O,CGOS,O,O,O,O,O,O
Node,O,O,O,CGIRVANOSFT,O,RO,O,IO,O,O,O,O,O,O,O,RNO,O,O,O,O,RO,O,O,O,O,O,VO,VO,O,GIO,O,CGO,O,CGO,CGO,O,CGOS,CGO,CGO,O,O,O
System Software,O,O,O,CGIRVANOSFT,O,RO,O,IO,O,O,O,O,O,O,O,RNO,O,O,O,O,RO,O,O,O,O,O,VO,VO,O,IO,O,O,O,O,O,O,O,CGIOS,CGO,O,O,O
Technology Interface,O,O,O,CGIRVANOSFT,O,RO,O,IO,IO,O,O,O,O,O,O,RNO,O,O,O,O,RO,O,O,O,O,O,O,RO,O,O,O,O,O,O,O,O,O,O,CGOS,O,O,O
Deliverable,O,RO,RO,CGIRVANOSFT,O,RO,RO,RO,RO,O,O,O,O,O,O,RO,O,O,RO,RO,RO,RO,RO,RO,RO,RO,RO,RO,RO,RO,RO,RO,RO,RO,RO,RO,RO,RO,RO,CGOS,RO,O
Plateau,O,CGROT,CGRO,CGIRVANOSFT,O,CGRO,CGRO,CGRO,CGRO,O,O,CGO,O,O,O,CGRNO,O,O,CGRO,CGRO,CGRO,CGRO,CGRO,CGRO,CGRO,CGRO,CGRO,CGRO,CGRO,CGRO,CGRO,CGRO,CGRO,CGRO,CGRO,CGRO,CGRO,CGRO,CGRO,O,CGOST,O
Work Package,O,ROFT,RO,CGIRVANOSFT,O,RO,RO,RO,RO,O,O,O,O,O,O,RNO,O,O,RO,RO,RO,RO,RO,RO,RO,RO,RO,RO,RO,RO,RO,RO,RO,RO,RO,RO,RO,RO,RO,RAO,O,CGOSFT
